Matéria,Título
Casos Notórios,Acidente Aéreo
Casos Notórios,Covid-19
Casos Notórios,Césio 137
Casos Notórios,Direito da Pessoa com Deficiência
Casos Notórios,Improbidade Administrativa
Casos Notórios,Indígenas
Casos Notórios,Persecução Penal
Casos Notórios,Prisão
Casos Notórios,Responsabilidade Civil
Direito Administrativo,Administração Pública
Direito Administrativo,Agências Reguladoras
Direito Administrativo,Anistia Política
Direito Administrativo,Atividades Profissionais
Direito Administrativo,Atos Administrativos
Direito Administrativo,Bem Público
Direito Administrativo,Concurso Público
Direito Administrativo,Contratos Administrativos
Direito Administrativo,Direito à Saúde
Direito Administrativo,Educação
Direito Administrativo,Fundo de Garantia Por Tempo de Serviço
Direito Administrativo,Fundo de Participação dos Municípios
Direito Administrativo,Improbidade Administrativa
Direito Administrativo,Licitação
Direito Administrativo,Limitações ao Direito de Propriedade
Direito Administrativo,Magistratura
Direito Administrativo,Mandado de Injunção
Direito Administrativo,Mandado de Segurança
Direito Administrativo,Pensão Por Morte
Direito Administrativo,Poder de Polícia
Direito Administrativo,Política Urbana
Direito Administrativo,Políticas Públicas
Direito Administrativo,Precatório
Direito Administrativo,Prescrição
Direito Administrativo,Processo Administrativo
Direito Administrativo,Processo Administrativo Disciplinar
Direito Administrativo,Responsabilidade Administrativa
Direito Administrativo,Responsabilidade Civil do Estado
Direito Administrativo,Sanções Administrativas
Direito Administrativo,Servidor Público
Direito Administrativo,Serviço Público
Direito Agrário,Aplicabilidade do Código de Defesa do Consumidor
Direito Agrário,Atividades Profissionais
Direito Agrário,Bem de Família
Direito Agrário,Contratos
Direito Agrário,Contribuição Sindical Rural
Direito Agrário,Empresa Rural
Direito Agrário,Funrural
Direito Agrário,Responsabilidade Civil
Direito Agrário,Tributos
Direito Agrário,Títulos de Crédito
Direito Ambiental,Crime Ambiental
Direito Ambiental,Dano Ambiental
Direito Ambiental,Infração Ambiental
Direito Ambiental,Jurisdição e Ação
Direito Ambiental,Política Nacional do Meio Ambiente
Direito Ambiental,Princípios
Direito Ambiental,Proteção à Fauna
Direito Ambiental,Recursos Naturais
Direito Ambiental,Responsabilidade Por Dano Ambiental
Direito Bancário,Contratos
Direito Bancário,Direitos do Consumidor
Direito Bancário,Fundo Garantidor de Crédito
Direito Bancário,Operação de Crédito
Direito Bancário,Responsabilidade Civil
Direito Bancário,Títulos de Crédito
Direito Civil,Alienação Fiduciária
Direito Civil,Alimentos
Direito Civil,Bem de Família
Direito Civil,Condomínio
Direito Civil,Consórcios
Direito Civil,Contrato de Compra e Venda
Direito Civil,Contrato de Locação
Direito Civil,Contrato de Seguro
Direito Civil,Contratos
Direito Civil,Cooperativas
Direito Civil,Direitos Autorais
Direito Civil,Direitos da Personalidade
Direito Civil,Direitos Reais
Direito Civil,Família
Direito Civil,Obrigações
Direito Civil,Obrigações e Contratos
Direito Civil,Posse
Direito Civil,Prescrição
Direito Civil,Prestação de Contas
Direito Civil,Previdência Privada
Direito Civil,Prisão Civil
Direito Civil,Propriedade Industrial
Direito Civil,Responsabilidade Civil
Direito Civil,Seguro Obrigatório
Direito Civil,Sistema Financeiro da Habitação
Direito Civil,Sucessões
Direito Civil,Taxas
Direito Civil,Títulos de Crédito
Direito Civil,Usucapião
Direito da Criança e do Adolescente,Competência
Direito da Criança e do Adolescente,Medida Socioeducativa
Direito da Criança e do Adolescente,Melhor Interesse da Criança
Direito da Criança e do Adolescente,Ministério Público
Direito da Criança e do Adolescente,Prazos
Direito da Criança e do Adolescente,Responsabilidade Civil
Direito do Consumidor,Aplicabilidade do Código de Defesa do Consumidor
Direito do Consumidor,Contratos
Direito do Consumidor,Da Prevenção e do Tratamento do Superendividamento
Direito do Consumidor,Defesa do Consumidor em Juízo
Direito do Consumidor,Desconsideração da Personalidade Jurídica
Direito do Consumidor,Direitos do Consumidor
Direito do Consumidor,Plano de Saúde
Direito do Consumidor,Prescrição
Direito do Consumidor,Proteção ao Crédito
Direito do Consumidor,Responsabilidade Civil
Direito do Consumidor,Telefonia
Direito Empresarial,Alienação Fiduciária
Direito Empresarial,Arrendamento Mercantil
Direito Empresarial,Contrato de Fomento Mercantil (Factoring)
Direito Empresarial,Direitos Autorais
Direito Empresarial,Falência e Recuperação Judicial
Direito Empresarial,Pessoas Jurídicas
Direito Empresarial,Propriedade Industrial
Direito Empresarial,Títulos de Crédito
Direito Penal,Aplicação da Lei Penal
Direito Penal,Aplicação da Pena
Direito Penal,Ação Penal
Direito Penal,Concurso de Crimes
Direito Penal,Contravenção Penal
Direito Penal,Crimes Contra a Administração da Justiça
Direito Penal,Crimes Contra a Administração Pública
Direito Penal,Crimes Contra a Dignidade Sexual
Direito Penal,Crimes Contra a Economia Popular
Direito Penal,Crimes Contra a Fé Pública
Direito Penal,Crimes Contra a Honra
Direito Penal,Crimes Contra a Ordem Tributária
Direito Penal,Crimes Contra a Propriedade Intelectual
Direito Penal,Crimes Contra a Vida
Direito Penal,Crimes Contra as Relações de Consumo
Direito Penal,Crimes Contra as Telecomunicações
Direito Penal,Crimes Contra o Patrimônio
Direito Penal,Crimes Contra o Sistema Financeiro Nacional
Direito Penal,Crimes da Lei de Licitação
Direito Penal,Crimes de Trânsito
Direito Penal,Dosimetria da Pena.
Direito Penal,Estatuto do Desarmamento
Direito Penal,Execução Penal
Direito Penal,Extinção da Punibilidade
Direito Penal,Lavagem de Dinheiro
Direito Penal,Prescrição
Direito Penal,Princípio da Insignificância
Direito Penal,Prisão Preventiva
Direito Penal,Prova
Direito Penal,Teoria Geral do Crime
Direito Penal,Tipicidade Penal
Direito Penal,Tráfico de Drogas
Direito Penal,Violência Doméstica
Direito Previdenciário,Acidente de Trabalho
Direito Previdenciário,Aposentadoria Especial
Direito Previdenciário,Auxílio-acidente
Direito Previdenciário,Auxílio-doença
Direito Previdenciário,Benefício Assistencial
Direito Previdenciário,Benefício Previdenciário
Direito Previdenciário,Contribuição Previdenciária
Direito Previdenciário,Pensão Por Morte
Direito Previdenciário,Previdência Privada
Direito Previdenciário,Regime Previdenciário
Direito Previdenciário,Revisão de Benefício
Direito Previdenciário,Tempo de Serviço
Direito Previdenciário,Trabalho Rural
Direito Processual Civil,Aplicação da Norma Processual
Direito Processual Civil,Ação Monitória
Direito Processual Civil,Ação Rescisória
Direito Processual Civil,Ações Coletivas
Direito Processual Civil,Citações e Intimações
Direito Processual Civil,Competência
Direito Processual Civil,Custas Processuais
Direito Processual Civil,Execução
Direito Processual Civil,Homologação de Sentença Estrangeira
Direito Processual Civil,Honorários Advocatícios
Direito Processual Civil,Intervenção de Terceiros
Direito Processual Civil,Juizados Especiais
Direito Processual Civil,Jurisdição e Ação
Direito Processual Civil,Justiça Gratuita
Direito Processual Civil,Legitimidade
Direito Processual Civil,Litisconsórcio
Direito Processual Civil,Mandado de Segurança
Direito Processual Civil,Multa Diária (Astreintes)
Direito Processual Civil,Nulidades
Direito Processual Civil,Partes e Procuradores
Direito Processual Civil,Petição Inicial
Direito Processual Civil,Prazos
Direito Processual Civil,Processo nos Tribunais
Direito Processual Civil,Procuração
Direito Processual Civil,Provas
Direito Processual Civil,Recursos e Outros Meios de Impugnação
Direito Processual Civil,Responsabilidade Civil
Direito Processual Civil,Sentença e Coisa Julgada
Direito Processual Civil,Sujeitos Processuais
Direito Processual Civil,Tutela Provisória
Direito Processual Penal,Aplicação da Pena
Direito Processual Penal,Ação Penal
Direito Processual Penal,Citações e Intimações
Direito Processual Penal,Competência
Direito Processual Penal,Execução Penal
Direito Processual Penal,Habeas Corpus
Direito Processual Penal,Honorários Advocatícios
Direito Processual Penal,Inquérito Policial
Direito Processual Penal,Instrução Criminal
Direito Processual Penal,Liberdade Provisória
Direito Processual Penal,Medidas Assecuratórias
Direito Processual Penal,Prazos
Direito Processual Penal,Prescrição
Direito Processual Penal,Princípios
Direito Processual Penal,Prisão
Direito Processual Penal,Prisão em Flagrante
Direito Processual Penal,Prisão Preventiva
Direito Processual Penal,Processos Especiais
Direito Processual Penal,Processos Incidentes
Direito Processual Penal,Provas
Direito Processual Penal,Recursos
Direito Processual Penal,Sentença Penal
Direito Processual Penal,Sujeitos Processuais
Direito Processual Penal,Suspensão Condicional do Processo
Direito Processual Penal,Tribunal do Júri
Direito Tributário,Administração Tributária
Direito Tributário,Compensação Tributária
Direito Tributário,Contribuição Previdenciária
Direito Tributário,Contribuições Sociais
Direito Tributário,Crimes Contra a Ordem Tributária
Direito Tributário,Crédito Tributario
Direito Tributário,Crédito Tributário
Direito Tributário,Execução Fiscal
Direito Tributário,Fundo de Garantia Por Tempo de Serviço
Direito Tributário,Imposto de Importação
Direito Tributário,Imposto de Renda
Direito Tributário,Imposto Predial e Territorial Urbano
Direito Tributário,Imposto Sobre a Propriedade Territorial Rural
Direito Tributário,Imposto Sobre a Transmissão de Bens Imóveis
Direito Tributário,Imposto Sobre Circulação de Mercadorias e Serviços
Direito Tributário,Imposto Sobre Produtos Industrializados
Direito Tributário,Imposto Sobre Serviços de Qualquer Natureza
Direito Tributário,Imunidade Tributária
Direito Tributário,Isenção Tributária
Direito Tributário,Obrigação Tributária
Direito Tributário,Processo Tributário
Direito Tributário,Repetição de Indébito
Direito Tributário,Simples Nacional
Direito Tributário,Tributos
